Category,Artist,Song Title,Listener Vibe/Context
Recovery (NA),Eminem,Not Afraid,The Coming Clean Anthem
Recovery (NA),Macklemore & Ryan Lewis,Starting Over,Relapse and Resilience
Recovery (NA),Kelly Clarkson,Sober,The 3-Month Milestone
Recovery (NA),Linkin Park,Breaking the Habit,Millennial emo-recovery classic
Recovery (NA),Florence + The Machine,Shake It Out,Drowning out the demons
Recovery (NA),James Arthur,Recovery,Personal ownership of the journey
Recovery (NA),Natasha Bedingfield,Recover,Hope and healing after the fire
Recovery (NA),Sia,Chandelier,The reality of the party lifestyle
Recovery (NA),Demi Lovato,Old Ways,Refusing to go back
Recovery (NA),Pink,Sober,Finding comfort in clarity
Millennial Nostalgia,The Killers,Mr Brightside,The millennial national anthem
Millennial Nostalgia,Natasha Bedingfield,Unwritten,The coming of age feeling
Millennial Nostalgia,Fall Out Boy,Sugar We're Goin Down,Middle school dance energy
Millennial Nostalgia,Britney Spears,Toxic,Pure Y2K pop perfection
Millennial Nostalgia,Panic! At The Disco,I Write Sins Not Tragedies,The emo-pop transition
Millennial Nostalgia,Vanessa Carlton,A Thousand Miles,The stuck in traffic singalong
Millennial Nostalgia,Gwen Stefani,Hollaback Girl,2005 school spirit
Millennial Nostalgia,Usher ft. Lil Jon,Yeah!,The ultimate club throwback
Millennial Nostalgia,Kelly Clarkson,Since U Been Gone,The post-breakup shout-along
Millennial Nostalgia,Avril Lavigne,Sk8er Boi,Early 2000s angst
Classics & Hits,Fleetwood Mac,Dreams,The vibe that never dies
Classics & Hits,Journey,Don't Stop Believin',The universal closer
Classics & Hits,Queen,Bohemian Rhapsody,The multi-generational epic
Classics & Hits,Earth Wind & Fire,September,Instant mood lifter
Classics & Hits,The Police,Every Breath You Take,The 80s staple
Classics & Hits,Miley Cyrus,Flowers,The modern self-love classic
Classics & Hits,The Weeknd,Blinding Lights,The synth-pop resurgence
Classics & Hits,Harry Styles,As It Was,The 2020s essential
Classics & Hits,Coldplay,Yellow,The stadium singalong
Soft / Comfort,Sia,Holding in the Sky,Tenderness
Recovery (NA),Ed Sheeran,Returning in the City,Honest mirror
Millennial Nostalgia,Toto ft. AC/DC,Breathing in the Garden,Old hoodie comfort
Heartbreak,Doja Cat,Electric City,Crying in the shower
Classics & Hits,David Bowie ft. NF,Honey Storm,Iconic riff
Recovery (NA),Sufjan Stevens,Quiet Secret,White-knuckle courage — 3PM brain on overtime
Classics & Hits,Diplo,Neon Habit,Iconic riff
Millennial Nostalgia,Stevie Wonder ft. Alicia Keys,Cosmic Room,Y2K pop perfection
Heartbreak,Glass Animals,Breathing in the Habit,Sad but pretty
Classics & Hits,The Doors,Bright Prayer,Instant mood lift
Karaoke Bangers,Imagine Dragons ft. The Killers,Waiting in the Secret,Bridge hits different
Millennial Nostalgia,Katy Perry,Midnight Ghost,Throwback serotonin
3AM / Existential,The Weeknd ft. Elton John,Waiting in the Shadow,Lonely but cinematic — 3PM brain on overtime
Millennial Nostalgia,David Bowie ft. NF,Someone Like You,Emo-pop transition
Recovery (NA),Kanye West ft. The Weeknd,Surviving in the Ocean,One day at a time
Soft / Comfort,Kacey Musgraves,Hey Ya,Low-stim serenity
Heartbreak,Madonna,Rising in the Doubt,Late-night spiral
Chill / Indie,Eminem,Bye Bye Bye,Window-seat thoughts
Classics & Hits,Imagine Dragons,Golden Light,Classic closer
Classics & Hits,Madonna,Heat Waves,Instant mood lift
Millennial Nostalgia,Adele,Lonely Wave,MySpace era mood
Karaoke Bangers,Linkin Park,Surviving in the Satellite,Mic-drop chorus
Millennial Nostalgia,Stevie Wonder,Healing in the Mirror,Teen drama in HD
Karaoke Bangers,Frank Ocean,Waiting in the Wave,Final chorus victory
Classics & Hits,Kesha,Surviving in the Habit,Instant mood lift
Karaoke Bangers,Natasha Bedingfield,Stressed Out,Belting required
Heartbreak,Green Day,Falling in the Room,Crying in the shower
Heartbreak,Post Malone,Healing in the Doubt,We broke up in slow motion
Recovery (NA),Duran Duran,Searching in the Grief,Soft accountability
Soft / Comfort,Paramore,Silver Secret,Quiet hope
Party / Hype,Imagine Dragons ft. The Killers,Heavy Fire,Weekend mode
Soft / Comfort,Cyndi Lauper,Heavy Prayer,Late-night calm
Millennial Nostalgia,Sara Bareilles,Surviving in the Wave,Y2K pop perfection
Millennial Nostalgia,Tove Lo,Breaking the Habit,Emo-pop transition
Millennial Nostalgia,Kacey Musgraves,Havana,Old hoodie comfort
Classics & Hits,No Doubt,Golden Grief,Universal singalong
3AM / Existential,Bruno Mars ft. Travis Scott,Golden Secret,Sad-girl museum energy
Soft / Comfort,Alicia Keys,Waiting in the Fire,Soft landing
Millennial Nostalgia,Lady Gaga,Drifting in the Doubt,Car singalong
Classics & Hits,Dua Lipa,Wild Mirror,Instant mood lift
Classics & Hits,Whitney Houston ft. Demi Lovato,Holding in the Prayer,Instant mood lift
Heartbreak,Fleetwood Mac ft. AC/DC,Golden Prayer,Regret loop
3AM / Existential,Kesha,Searching in the Secret,Sad-girl museum energy
3AM / Existential,Led Zeppelin,Healing in the Fire,Staring at ceiling
Karaoke Bangers,NF,Black Doubt,Belting required
Millennial Nostalgia,Olivia Rodrigo,Uptown Funk,MySpace era mood
Millennial Nostalgia,Anderson .Paak,Wonderwall,Emo-pop transition
Recovery (NA),Prince ft. Backstreet Boys,Quiet Shadow,Sponsor call soundtrack
Recovery (NA),Duran Duran,Honey Signal,Soft accountability
Millennial Nostalgia,Imagine Dragons,Surviving in the Wave,CD-burned playlist energy
3AM / Existential,A-ha,Havana,Brain won’t shut up — 3PM brain on overtime
Party / Hype,Imagine Dragons ft. The Killers,Electric Heart,Weekend mode
Confidence / Glow-Up,Dolly Parton,Golden Signal,Boss mood
Classics & Hits,Tears for Fears,Wild Heart,Golden-era groove
Chill / Indie,ABBA,Bright Grief,Soft groove
Millennial Nostalgia,Tears for Fears,Wild Ocean,Old hoodie comfort
Heartbreak,The Lumineers,Waking in the City,Closure fantasy
3AM / Existential,Sam Smith,Shake It Out,Overthinking soundtrack — 3PM brain on overtime
Karaoke Bangers,Kesha,Blank Space,Crowd goes loud
Confidence / Glow-Up,Eminem,Empty Prayer,Shiny spine
Classics & Hits,Sufjan Stevens ft. Harry Styles,Honey Sky,Golden-era groove
Recovery (NA),U2,Violet Doubt,Coming clean energy
3AM / Existential,Ed Sheeran,Forgiving in the Ghost,Dissociation chic
Karaoke Bangers,Tame Impala,Neon Mirror,Safe bet karaoke
Classics & Hits,Arctic Monkeys,Drifting in the City,Timeless crowd-pleaser
Recovery (NA),Coldplay,Silver Garden,Relapse refusal
Heartbreak,Guns N' Roses,Dancing in the Room,Soft grief
Karaoke Bangers,Kendrick Lamar,Running in the Garden,Crowd goes loud
Millennial Nostalgia,Katy Perry,Demons,2000s core memory
Karaoke Bangers,Lady Gaga,Rising in the Garden,Safe bet karaoke
Karaoke Bangers,Toto ft. AC/DC,Forgiving in the Ghost,Main-character verse
Classics & Hits,Anderson .Paak,Leaving in the Ocean,Stadium chorus
Millennial Nostalgia,Kanye West,Violet Storm,MySpace era mood
Chill / Indie,Portugal. The Man,Black Wave,Indie sunshine
Party / Hype,A-ha,Broken Heart,Bass + bad decisions
Heartbreak,Madonna,Silver Ghost,I miss you (annoyingly)
Millennial Nostalgia,CHVRCHES,Silver Habit,Teen drama in HD
Recovery (NA),No Doubt,Golden Mirror,Freedom feels weird
Soft / Comfort,Johnny Cash,Midnight Sky,Low-stim serenity
Karaoke Bangers,My Chemical Romance,Forgiving in the Signal,Crowd goes loud
Millennial Nostalgia,Avril Lavigne ft. Backstreet Boys,Golden Grief,CD-burned playlist energy
Recovery (NA),Sia ft. Vance Joy,Stay With Me,Step work mood — 3PM brain on overtime
Karaoke Bangers,David Bowie ft. NF,Violet Ocean,Safe bet karaoke
Millennial Nostalgia,Travis Scott,Searching in the Heart,Y2K pop perfection
3AM / Existential,Oasis,Waking in the Shadow,Overthinking soundtrack
3AM / Existential,Daft Punk,Crying in the Ocean,Dark humor therapy
Millennial Nostalgia,Avril Lavigne,Falling in the Secret,CD-burned playlist energy
Classics & Hits,The Weeknd,Lonely Room,Instant mood lift
Confidence / Glow-Up,Fleetwood Mac ft. AC/DC,Stressed Out,Glow up
Recovery (NA),Shania Twain,Wild Secret,Coming clean energy
Confidence / Glow-Up,Kanye West ft. The Weeknd,Don't Speak,No apologies
Millennial Nostalgia,Alanis Morissette,Black Signal,CD-burned playlist energy
Millennial Nostalgia,The Strokes,Boulevard of Broken Dreams,MySpace era mood
Millennial Nostalgia,Katy Perry,Holding in the Storm,MySpace era mood
3AM / Existential,OneRepublic,Cosmic Shadow,Lonely but cinematic
Soft / Comfort,Usher,Drifting in the Storm,Blanket song
Millennial Nostalgia,Vanessa Carlton,Feral Room,CD-burned playlist energy
Millennial Nostalgia,Avril Lavigne,Leaving in the Storm,2000s core memory
Karaoke Bangers,OutKast,Midnight Fire,Mic-drop chorus
Classics & Hits,Paramore,Midnight Secret,Iconic riff
Millennial Nostalgia,Pink,Drifting in the Heart,Middle-school dance flashback
Recovery (NA),Justin Timberlake,Waking in the Secret,Relapse refusal
3AM / Existential,Amy Winehouse,Without Me,Brain won’t shut up — 3PM brain on overtime
Classics & Hits,Usher,Lonely Ghost,Instant mood lift
Recovery (NA),Twenty One Pilots,Electric Ghost,One day at a time
Classics & Hits,Demi Lovato,Returning in the Signal,Radio gold
Karaoke Bangers,Lord Huron ft. Kendrick Lamar,Waiting in the Light,Final chorus victory
Classics & Hits,Kesha,Surviving in the Ghost,Dinner-party safe pick
Karaoke Bangers,Selena Gomez,Violet Room,Iconic hook
Millennial Nostalgia,Sara Bareilles,Waking in the Secret,MySpace era mood
Classics & Hits,Gwen Stefani,Midnight Sky,Dinner-party safe pick
Heartbreak,Avril Lavigne,Toxic,Love hangover
Confidence / Glow-Up,Led Zeppelin,Forgiving in the Grief,Boss mood
Recovery (NA),Florence + The Machine,Wild Shadow,One day at a time
Chill / Indie,Bruno Mars ft. Travis Scott,Static Heart,Sunday afternoon
Soft / Comfort,The 1975,A Thousand Miles,Quiet hope
Karaoke Bangers,New Order,Waking in the Storm,Crowd goes loud
Karaoke Bangers,Whitney Houston,Rising in the Signal,Safe bet karaoke
Karaoke Bangers,J Balvin,Waking in the Satellite,Bridge hits different
Karaoke Bangers,Imagine Dragons ft. The Killers,Holding in the Secret,Bridge hits different
Heartbreak,J. Cole,Falling in the Satellite,We broke up in slow motion
Millennial Nostalgia,Fall Out Boy,Drifting in the Shadow,Teen drama in HD
Millennial Nostalgia,J. Cole,Returning in the Sky,Car singalong
Millennial Nostalgia,Lana Del Rey,Wild Garden,MySpace era mood
Karaoke Bangers,Selena Gomez,Waiting in the Heart,Crowd goes loud
Chill / Indie,Camila Cabello,Rising in the Ghost,Calm focus
Chill / Indie,Ed Sheeran,Smooth Operator,Indie sunshine
Classics & Hits,John Legend,Heavy Prayer,Dinner-party safe pick
Recovery (NA),Daddy Yankee,Waking in the Habit,Soft accountability
Classics & Hits,Prince,SexyBack,Golden-era groove
Karaoke Bangers,Blink-182,Quiet Garden,Iconic hook
Party / Hype,Cardi B,Elastic Heart,Bass + bad decisions
Classics & Hits,Rosalía,Searching in the Grief,Everyone knows this one
Classics & Hits,Zach Bryan,Feral City,Universal singalong
Karaoke Bangers,Justin Timberlake,Heavy Ocean,Mic-drop chorus
Recovery (NA),Rihanna,Forgiving in the Grief,Coming clean energy — 3PM brain on overtime
Recovery (NA),Calvin Harris,Leaving in the Fire,Sponsor call soundtrack — 3PM brain on overtime
Recovery (NA),Journey ft. Demi Lovato,Running in the Grief,Honest mirror
Classics & Hits,Maroon 5 ft. Eminem,Wild Doubt,Everyone knows this one
Classics & Hits,John Mayer,Silver Doubt,Golden-era groove
Heartbreak,Karol G,Holding in the Shadow,Regret loop
Recovery (NA),Cigarettes After Sex,Falling in the Satellite,Honest mirror — 3PM brain on overtime
Heartbreak,Norah Jones,Gravity,Soft grief
Recovery (NA),Doja Cat,Waking in the Wave,Coming clean energy
Chill / Indie,Sade,Bright Garden,Art-kid vibes
Classics & Hits,"Tyler, The Creator",Quiet Wave,Iconic riff
Karaoke Bangers,Miley Cyrus,Returning in the Garden,Iconic hook
Millennial Nostalgia,Carrie Underwood,Falling in the Garden,Middle-school dance flashback
Recovery (NA),David Bowie ft. NF,Falling in the Garden,Step work mood — 3PM brain on overtime
Recovery (NA),Eurythmics,Midnight Prayer,One day at a time
Classics & Hits,Bob Marley,Lonely City,Instant mood lift
3AM / Existential,The Beatles,Bright Light,Staring at ceiling
Recovery (NA),Anderson .Paak,Thinking Out Loud,Honest mirror
Karaoke Bangers,Dua Lipa,Heavy Ghost,Mic-drop chorus
Heartbreak,Kesha,Violet Ghost,We broke up in slow motion
Classics & Hits,George Michael,Dancing in the Fire,Golden-era groove
Millennial Nostalgia,Snow Patrol,Returning in the Garden,Old hoodie comfort
3AM / Existential,Britney Spears,Forgiving in the Storm,Dissociation chic
Karaoke Bangers,CHVRCHES,Soft Ghost,Final chorus victory
Heartbreak,Fleetwood Mac ft. AC/DC,Neon Secret,Closure fantasy
Karaoke Bangers,Maroon 5 ft. Eminem,Midnight Secret,Group harmony chaos
Soft / Comfort,NSYNC,Honey Secret,Gentle reset
Heartbreak,George Michael,Quiet Light,I miss you (annoyingly)
Classics & Hits,Prince,Static Garden,Stadium chorus
Party / Hype,Avicii,Forgiving in the Prayer,Confidence fuel
Classics & Hits,Ed Sheeran ft. Kendrick Lamar,Returning in the Sky,Timeless crowd-pleaser
Millennial Nostalgia,Bad Bunny,Heavy Sky,Car singalong
Millennial Nostalgia,Nirvana,Violet Grief,CD-burned playlist energy
Recovery (NA),J. Cole,Soft Wave,One day at a time
Classics & Hits,Maroon 5,Forgiving in the Satellite,Stadium chorus
Millennial Nostalgia,Imagine Dragons ft. The Killers,Feral Mirror,Car singalong
Heartbreak,Bad Bunny,Silver Wave,Closure fantasy
Millennial Nostalgia,David Bowie ft. NF,Searching in the Fire,Y2K pop perfection
Karaoke Bangers,The Clash,Falling in the Room,Crowd goes loud
Soft / Comfort,A-ha,Static Heart,Blanket song
Recovery (NA),Kesha,Midnight City,Freedom feels weird — 3PM brain on overtime
Millennial Nostalgia,Sam Smith,Waiting in the Prayer,Emo-pop transition
Millennial Nostalgia,SZA,Electric Ghost,Old hoodie comfort
Classics & Hits,James Arthur,Golden Satellite,Stadium chorus
Recovery (NA),Bob Marley,Drifting in the City,Relapse refusal
Recovery (NA),Camila Cabello,Leaving in the Storm,Sponsor call soundtrack
Karaoke Bangers,Cyndi Lauper,Static Heart,Safe bet karaoke
Recovery (NA),Travis Scott,Neon Prayer,Soft accountability
Party / Hype,Glass Animals,Midnight Shadow,Bass + bad decisions
Karaoke Bangers,Coldplay ft. Cardi B,Holding in the Ghost,Main-character verse
Classics & Hits,Pink Floyd,Breathing in the Room,Dinner-party safe pick
3AM / Existential,The Clash,Forgiving in the City,Dissociation chic
Classics & Hits,Eurythmics,Healing in the Sky,Classic closer
Millennial Nostalgia,Sufjan Stevens,Better Light,Car singalong
Karaoke Bangers,Ozuna,Golden Heart,Duet bait
Classics & Hits,Nelly Furtado,Falling in the Wave,Everyone knows this one
Millennial Nostalgia,Red Hot Chili Peppers,Silver Mirror,Car singalong
3AM / Existential,Glass Animals,Quiet Doubt,Sad-girl museum energy — 3PM brain on overtime
Recovery (NA),Alanis Morissette,Cosmic Sky,Soft accountability — 3PM brain on overtime
Soft / Comfort,Blink-182,Drifting in the Wave,Tenderness
Karaoke Bangers,Anitta,Running in the Prayer,Main-character verse
Classics & Hits,The 1975,Take On Me,Everyone knows this one
Millennial Nostalgia,CHVRCHES,Rising in the Ocean,CD-burned playlist energy
Recovery (NA),Green Day,Breathing in the Garden,Step work mood
Millennial Nostalgia,Ed Sheeran ft. Kendrick Lamar,Waking in the Room,CD-burned playlist energy
Karaoke Bangers,"Tyler, The Creator",Healing in the Doubt,Mic-drop chorus
Millennial Nostalgia,Arctic Monkeys,Dancing in the Heart,Old hoodie comfort
Party / Hype,Paramore,Running in the Secret,Hands-up chorus
Party / Hype,David Bowie,Midnight City,Glitter chaos
Confidence / Glow-Up,Avicii,Crying in the Secret,Boss mood
Millennial Nostalgia,Macklemore ft. SZA,Static Light,CD-burned playlist energy
Chill / Indie,Britney Spears,Golden Signal,Calm focus
Party / Hype,Frank Ocean,Soft Prayer,Main stage
Classics & Hits,The Cure,Waking in the Sky,Dinner-party safe pick
Karaoke Bangers,John Mayer,Cosmic Grief,Crowd goes loud
Recovery (NA),Katy Perry,Quiet Garden,Coming clean energy
Party / Hype,Frank Ocean,Returning in the Sky,Confidence fuel
Heartbreak,U2 ft. Phil Collins,Silver City,Late-night spiral
Millennial Nostalgia,Vanessa Carlton,Running in the Prayer,Throwback serotonin
Party / Hype,Nicki Minaj,Bright Signal,Pre-game boost
Millennial Nostalgia,Stevie Wonder ft. Alicia Keys,Kill Bill,Emo-pop transition
Classics & Hits,Lord Huron,Crying in the Grief,Universal singalong
Karaoke Bangers,Sia ft. Vance Joy,Neon Ocean,Crowd goes loud
Millennial Nostalgia,Billie Eilish,Quiet Mirror,Middle-school dance flashback
3AM / Existential,Christina Aguilera,Before He Cheats,Overthinking soundtrack
Soft / Comfort,Anderson .Paak,Healing in the Grief,Quiet hope
Karaoke Bangers,Eminem ft. Camila Cabello,Silver Satellite,Safe bet karaoke
Millennial Nostalgia,Imagine Dragons ft. The Killers,Mockingbird,Middle-school dance flashback
Millennial Nostalgia,The Weeknd ft. Elton John,Violet Garden,MySpace era mood
Recovery (NA),Kendrick Lamar,Healing in the Room,Step work mood
Classics & Hits,Taylor Swift,Feral Storm,Iconic riff
Recovery (NA),Kesha,Feral Sky,Step work mood
Karaoke Bangers,Bon Jovi,Bright Ghost,Belting required
Classics & Hits,The Police,Wild Shadow,Iconic riff
Classics & Hits,Oasis,Waking in the Shadow,Classic closer
Recovery (NA),Macklemore ft. SZA,Cosmic Light,Soft accountability
Recovery (NA),Pink,Midnight Habit,Step work mood
Karaoke Bangers,"Tyler, The Creator",Quiet Storm,Final chorus victory
Classics & Hits,Fleetwood Mac ft. AC/DC,Feral Mirror,Golden-era groove
Karaoke Bangers,Carrie Underwood,Waiting in the Signal,Duet bait
Millennial Nostalgia,Madonna,Neon Shadow,Teen drama in HD
Recovery (NA),The Fray,Feral Secret,Relapse refusal
Recovery (NA),Sam Smith,Dancing in the Satellite,Soft accountability
Chill / Indie,Fall Out Boy,Wannabe,Calm focus
Recovery (NA),Guns N' Roses,Searching in the Room,White-knuckle courage — 3PM brain on overtime
Recovery (NA),Natasha Bedingfield,Love The Way You Lie,Coming clean energy
Heartbreak,Florence + The Machine,Welcome to the Black Parade,Late-night spiral
Soft / Comfort,Cigarettes After Sex,Crying in the Satellite,Quiet hope
Classics & Hits,Cigarettes After Sex,Heavy Grief,Dinner-party safe pick
Soft / Comfort,Billie Eilish,Forgiving in the Light,Blanket song
Recovery (NA),Ed Sheeran ft. Kendrick Lamar,Heavy Garden,Soft accountability — 3PM brain on overtime
Party / Hype,Camila Cabello,Breathing in the Room,Energy shot
Recovery (NA),Gwen Stefani,Somewhere Only We Know,Sponsor call soundtrack
Confidence / Glow-Up,Macklemore,Lonely Room,Walk like you own it
Classics & Hits,Spice Girls,I'm Yours,Iconic riff
Soft / Comfort,Diplo,Better City,Rainy window vibes
Classics & Hits,J. Cole,Drifting in the Shadow,Timeless crowd-pleaser
Classics & Hits,Alanis Morissette,Returning in the Shadow,Dinner-party safe pick
Party / Hype,Whitney Houston ft. Demi Lovato,Quiet Satellite,Confidence fuel
Classics & Hits,Zach Bryan,Golden Fire,Everyone knows this one
Confidence / Glow-Up,Eurythmics,Golden Grief,Mirror pep-talk
Party / Hype,Norah Jones,HUMBLE,Confidence fuel
Chill / Indie,Adele,Silver Satellite,Indie sunshine
Millennial Nostalgia,The Script,Holding in the Mirror,Middle-school dance flashback
Soft / Comfort,SZA,Wild Garden,Breathing room
Classics & Hits,Bob Marley,Forgiving in the Satellite,Classic closer
Classics & Hits,The Cure,As It Was,Radio gold
Party / Hype,David Bowie ft. NF,Breathing in the Heart,Glitter chaos
3AM / Existential,Red Hot Chili Peppers,Crying in the Mirror,Dissociation chic
Millennial Nostalgia,Fleetwood Mac,Better Storm,Throwback serotonin
Recovery (NA),Pink Floyd,Returning in the Habit,One day at a time
Classics & Hits,Eurythmics,Broken Garden,Golden-era groove
Karaoke Bangers,The Cure,Neon Ghost,Mic-drop chorus
Karaoke Bangers,Bruno Mars,Better Sky,Main-character verse
Party / Hype,Demi Lovato,Rising in the Shadow,Main stage
3AM / Existential,Britney Spears ft. Tears for Fears,Flowers,Beautiful doom
Karaoke Bangers,My Chemical Romance,Honey Shadow,Duet bait
Karaoke Bangers,Sufjan Stevens,Quiet City,Crowd goes loud
3AM / Existential,Depeche Mode,Better Ghost,Beautiful doom
Heartbreak,The Clash,Better Grief,Late-night spiral
Soft / Comfort,Childish Gambino,Bad Romance,Breathing room
Karaoke Bangers,Jason Mraz,Waking in the Signal,Bridge hits different
Karaoke Bangers,Prince,Honey Shadow,Group harmony chaos
Millennial Nostalgia,Elton John,Heavy Sky,Car singalong
Heartbreak,Diplo,Wild Satellite,Text-you-never-send energy
Classics & Hits,Mumford & Sons,Holding in the Satellite,Instant mood lift
Heartbreak,Stevie Wonder,Better City,Soft grief
Recovery (NA),Kacey Musgraves,Returning in the Garden,Soft accountability
Party / Hype,John Mayer,I Want It That Way,Bass + bad decisions
Classics & Hits,Bon Iver,Soft Mirror,Radio gold
Confidence / Glow-Up,The Beatles,Forgiving in the Ocean,Glow up
Party / Hype,George Michael,Static Ghost,Bass + bad decisions
Recovery (NA),Oasis,Quiet Storm,"New routine, new brain"
3AM / Existential,The Beatles,Searching in the Habit,Brain won’t shut up
Soft / Comfort,Paramore,Soft Room,Rainy window vibes
Party / Hype,The National ft. Johnny Cash,Surviving in the Garden,Main stage
Millennial Nostalgia,Whitney Houston ft. Demi Lovato,Violet Sky,Throwback serotonin
Karaoke Bangers,Pink,Empty Sky,Bridge hits different
Classics & Hits,Katy Perry,Soft Heart,Radio gold
Recovery (NA),Lana Del Rey ft. Duran Duran,Midnight Sky,"New routine, new brain"
Classics & Hits,Diplo,Neon Sky,Dinner-party safe pick
Recovery (NA),A-ha,Waking in the Prayer,Freedom feels weird
Millennial Nostalgia,Eminem,Silver Doubt,MySpace era mood
Classics & Hits,Eurythmics,Honey Room,Iconic riff
Heartbreak,Fleetwood Mac,Rising in the Garden,Soft grief
Karaoke Bangers,The Weeknd ft. Elton John,Silver Storm,Belting required
3AM / Existential,David Guetta,Broken Mirror,Dark humor therapy
Karaoke Bangers,Talking Heads,Kill Bill,Group harmony chaos
Millennial Nostalgia,Selena Gomez,Honey Light,MySpace era mood
Millennial Nostalgia,The National ft. Johnny Cash,Drifting in the Fire,Old hoodie comfort
Recovery (NA),Tove Lo,Love The Way You Lie,Soft accountability
Heartbreak,John Legend,Toxic,Soft grief
Millennial Nostalgia,Kacey Musgraves,Violet Prayer,Teen drama in HD
Karaoke Bangers,Prince ft. Backstreet Boys,Electric Ghost,Belting required
Chill / Indie,Coldplay ft. Cardi B,Violet Heart,Sunday afternoon
Party / Hype,Paramore,Waiting in the Mirror,Pre-game boost
Soft / Comfort,The Beatles,Falling in the Habit,Breathing room
Recovery (NA),Diplo,Bad Romance,Soft accountability — 3PM brain on overtime
Karaoke Bangers,Fall Out Boy,Heavy Heart,Mic-drop chorus
Classics & Hits,A-ha,Static Satellite,Classic closer
Classics & Hits,Calvin Harris,Better Light,Timeless crowd-pleaser
Heartbreak,Imagine Dragons ft. The Killers,Neon Habit,Crying in the shower
Millennial Nostalgia,Jack Johnson,Leaving in the Fire,MySpace era mood
Party / Hype,Doja Cat,Feral Sky,Energy shot
Karaoke Bangers,Sia ft. Vance Joy,Crying in the Satellite,Crowd goes loud
Soft / Comfort,Mumford & Sons,Bright Mirror,Breathing room
Recovery (NA),Bon Jovi ft. NSYNC,Black Room,Honest mirror
Classics & Hits,Anitta,Rising in the Heart,Golden-era groove
3AM / Existential,Kesha,Crying in the Ocean,Existential sparkle
Party / Hype,Radiohead ft. Fall Out Boy,Breathing in the Grief,Bass + bad decisions
Classics & Hits,U2,Dancing in the Sky,Dinner-party safe pick
Karaoke Bangers,AC/DC,Heavy Heart,Iconic hook
Heartbreak,Post Malone,Forgiving in the Ocean,Late-night spiral
Recovery (NA),Journey ft. Demi Lovato,Black Ghost,Freedom feels weird
Soft / Comfort,Phil Collins,Better Doubt,Low-stim serenity
Millennial Nostalgia,NSYNC,Midnight Fire,Teen drama in HD
Party / Hype,Radiohead ft. Fall Out Boy,Honey Signal,Confidence fuel
Heartbreak,The Lumineers,Rehab,Text-you-never-send energy
Heartbreak,Lord Huron ft. Kendrick Lamar,Waiting in the Light,Soft grief
Party / Hype,The Beatles,Golden Fire,Hands-up chorus
Confidence / Glow-Up,Keane,Golden Fire,Unbothered era
Chill / Indie,The Beatles,Forgiving in the Ocean,Window-seat thoughts
Karaoke Bangers,The Black Keys,Searching in the Signal,Group harmony chaos
Classics & Hits,Journey,Surviving in the Room,Universal singalong
Recovery (NA),New Order,Dancing in the Grief,Freedom feels weird
3AM / Existential,Dolly Parton,Holding in the Mirror,Existential sparkle — 3PM brain on overtime
Karaoke Bangers,The Black Keys,Rising in the Room,Group harmony chaos
Heartbreak,Anderson .Paak,Bright Fire,Late-night spiral
Millennial Nostalgia,The Beatles,Healing in the Habit,2000s core memory
Classics & Hits,Kesha,Kill Bill,Radio gold
Heartbreak,OneRepublic,Don't Start Now,Regret loop
Millennial Nostalgia,Olivia Rodrigo,Holding in the Sky,Old hoodie comfort
Karaoke Bangers,Eagles,Bright Fire,Main-character verse
Soft / Comfort,Lady Gaga,Chandelier,Tenderness
Millennial Nostalgia,Daft Punk,Empty City,Throwback serotonin
Millennial Nostalgia,Guns N' Roses,Holding in the City,Old hoodie comfort
Karaoke Bangers,OutKast,Broken Heart,Iconic hook
Soft / Comfort,AC/DC,HUMBLE,Quiet hope
3AM / Existential,Demi Lovato,Healing in the Wave,Dark humor therapy — 3PM brain on overtime
3AM / Existential,Bob Marley,Silver Shadow,Sad-girl museum energy — 3PM brain on overtime
Millennial Nostalgia,Olivia Rodrigo,Searching in the Satellite,2000s core memory
Classics & Hits,The Clash,Running in the Mirror,Instant mood lift
Soft / Comfort,Depeche Mode,Sunflower,Breathing room
3AM / Existential,U2,Falling in the City,Sad-girl museum energy
Party / Hype,Toto,Electric Shadow,Main stage
Classics & Hits,"Tyler, The Creator",Violet Satellite,Iconic riff
Classics & Hits,Megan Thee Stallion,Returning in the Heart,Classic closer
Millennial Nostalgia,Bad Bunny,Rising in the Satellite,2000s core memory
Millennial Nostalgia,Shakira,Healing in the Storm,CD-burned playlist energy
Millennial Nostalgia,Kings of Leon,Wild Heart,Teen drama in HD
Karaoke Bangers,A-ha,Holding in the Habit,Iconic hook
Heartbreak,Daddy Yankee,Running in the Mirror,Love hangover
Classics & Hits,Elton John,Cosmic Doubt,Universal singalong
Millennial Nostalgia,Toto ft. AC/DC,Dancing in the Fire,Throwback serotonin
Classics & Hits,The Lumineers ft. Depeche Mode,Wild Habit,Dinner-party safe pick
Classics & Hits,The Weeknd ft. Elton John,Feral Habit,Iconic riff
Soft / Comfort,Radiohead ft. Fall Out Boy,Leaving in the Fire,Gentle reset
Soft / Comfort,Anderson .Paak,Stay With Me,Breathing room
Chill / Indie,Calvin Harris,Drifting in the Shadow,Soft groove
Party / Hype,Journey,Feral Prayer,Weekend mode
Soft / Comfort,Prince,Golden Habit,Soft landing
Karaoke Bangers,J Balvin,Quiet Habit,Group harmony chaos
Karaoke Bangers,Zach Bryan,Leaving in the Room,Duet bait
Chill / Indie,Green Day,Healing in the Heart,Introvert anthem
Confidence / Glow-Up,Sia,Healing in the Light,Main character energy
Classics & Hits,NF,Returning in the Prayer,Classic closer
Karaoke Bangers,The National,Cosmic Wave,Final chorus victory
Classics & Hits,Prince ft. Backstreet Boys,Neon Secret,Stadium chorus
Millennial Nostalgia,Maroon 5,Searching in the Ocean,Y2K pop perfection
Millennial Nostalgia,Eagles,Bright Ocean,Throwback serotonin
Party / Hype,Bon Jovi ft. NSYNC,Violet Mirror,Pre-game boost
Millennial Nostalgia,Megan Thee Stallion,Elastic Heart,Throwback serotonin
Soft / Comfort,Lady Gaga,Surviving in the Prayer,Rainy window vibes
Classics & Hits,My Chemical Romance,Quiet Mirror,Iconic riff
Classics & Hits,Mumford & Sons,Static Doubt,Classic closer
Classics & Hits,Drake,Neon Satellite,Instant mood lift
Recovery (NA),Nirvana,Bright Prayer,One day at a time
Recovery (NA),Bon Jovi,Electric Signal,Honest mirror
Party / Hype,Guns N' Roses,Waiting in the Room,Glitter chaos
Heartbreak,Adele,Stay With Me,Love hangover
Recovery (NA),Fleetwood Mac,Quiet Mirror,Soft accountability
Recovery (NA),Megan Thee Stallion,Empty Mirror,Honest mirror
Millennial Nostalgia,SZA,Silver Prayer,2000s core memory
3AM / Existential,Calvin Harris,Quiet Shadow,Staring at ceiling
Classics & Hits,ABBA,Holding in the Garden,Timeless crowd-pleaser
Recovery (NA),Beyoncé,Falling in the Signal,Sponsor call soundtrack
Heartbreak,The Script,Feral Sky,Sad but pretty
Recovery (NA),Doja Cat,Wannabe,Freedom feels weird
Millennial Nostalgia,Bon Jovi,Holding in the Shadow,Emo-pop transition
Millennial Nostalgia,Johnny Cash ft. Billie Eilish,Wonderwall,Car singalong
Soft / Comfort,Johnny Cash ft. Billie Eilish,Leaving in the Mirror,Late-night calm
Soft / Comfort,Shakira,Breathing in the Sky,Low-stim serenity
Recovery (NA),Green Day,Electric Sky,Soft accountability
Heartbreak,Britney Spears,Golden Ghost,Late-night spiral
Soft / Comfort,AJR,Waking in the Fire,Rainy window vibes
3AM / Existential,Sufjan Stevens,All of Me,Lonely but cinematic
Karaoke Bangers,Blink-182,Forgiving in the Light,Final chorus victory
Soft / Comfort,Amy Winehouse,Broken Light,Soft landing
Soft / Comfort,Camila Cabello,Returning in the Storm,Late-night calm
Recovery (NA),Led Zeppelin,Thinking Out Loud,"New routine, new brain"
Heartbreak,Twenty One Pilots,Searching in the Secret,Sad but pretty
Recovery (NA),Sade,Shallow,Relapse refusal
Heartbreak,Diplo,Silver Light,Regret loop
Millennial Nostalgia,Paramore,Bright Ghost,Old hoodie comfort
Karaoke Bangers,Lady Gaga,Blank Space,Bridge hits different
Classics & Hits,Beyoncé,Electric Secret,Dinner-party safe pick
Recovery (NA),Vance Joy,Rising in the Sky,"New routine, new brain"
Soft / Comfort,Bob Marley,Rising in the Grief,Rainy window vibes
Recovery (NA),J. Cole,Black Storm,Honest mirror
Soft / Comfort,Beyoncé,Holding in the Grief,Low-stim serenity
Millennial Nostalgia,Whitney Houston ft. Demi Lovato,Silver Garden,Y2K pop perfection
Millennial Nostalgia,Radiohead,Somewhere Only We Know,Throwback serotonin
Millennial Nostalgia,Sia ft. Vance Joy,Running in the Ocean,Middle-school dance flashback
Classics & Hits,Kanye West,Forgiving in the Grief,Golden-era groove
Karaoke Bangers,CHVRCHES,Dancing in the Habit,Mic-drop chorus
Millennial Nostalgia,Anderson .Paak,Cosmic Garden,Throwback serotonin
Classics & Hits,Miley Cyrus,Neon Prayer,Dinner-party safe pick
Party / Hype,Usher,Lonely Wave,Main stage
Recovery (NA),Maroon 5,Bright Secret,Freedom feels weird
Party / Hype,Jason Mraz,Broken Fire,Club nostalgia
Karaoke Bangers,Mumford & Sons,Forgiving in the Light,Main-character verse
Classics & Hits,Mumford & Sons,Tik Tok,Classic closer
Soft / Comfort,CHVRCHES,Running in the Signal,Late-night calm
3AM / Existential,Ozuna,Surviving in the Shadow,Staring at ceiling
Karaoke Bangers,Olivia Rodrigo,Golden Mirror,Safe bet karaoke
Heartbreak,Britney Spears ft. Tears for Fears,Surviving in the Shadow,Regret loop
Millennial Nostalgia,Paramore,Breathing in the Fire,Y2K pop perfection
Party / Hype,Prince,Falling in the Sky,Club nostalgia
Millennial Nostalgia,Fleetwood Mac ft. AC/DC,Breathing in the Fire,CD-burned playlist energy
Soft / Comfort,Bon Iver,Kill Bill,Gentle reset
Karaoke Bangers,Queen,Cosmic Garden,Belting required
Recovery (NA),Pink Floyd,Silver Heart,White-knuckle courage
Classics & Hits,The Cure,Waiting in the City,Timeless crowd-pleaser
Millennial Nostalgia,Macklemore,Falling in the Doubt,Y2K pop perfection
Karaoke Bangers,Metallica,Forgiving in the Room,Crowd goes loud
Soft / Comfort,Green Day,Surviving in the Ocean,Low-stim serenity
Classics & Hits,Luke Combs,Returning in the Prayer,Radio gold
Soft / Comfort,The National,Honey Sky,Blanket song
Soft / Comfort,Jack Johnson,Violet Fire,Quiet hope
Classics & Hits,Eminem,Better Garden,Iconic riff
Party / Hype,Coldplay,Black Heart,Dance-floor ignition
Recovery (NA),Calvin Harris,Waking in the Garden,Freedom feels weird — 3PM brain on overtime
Soft / Comfort,Macklemore,Falling in the Doubt,Blanket song
Classics & Hits,AJR,Drifting in the Grief,Iconic riff
Millennial Nostalgia,Depeche Mode,Breathing in the Satellite,Teen drama in HD
Recovery (NA),Kanye West,Returning in the Satellite,Soft accountability
Millennial Nostalgia,Calvin Harris,Forgiving in the Doubt,Emo-pop transition
Party / Hype,Taylor Swift,Silver Ocean,Confidence fuel
3AM / Existential,J. Cole,Surviving in the Satellite,Lonely but cinematic
Party / Hype,Daddy Yankee,Running in the Doubt,Glitter chaos
Millennial Nostalgia,Nicki Minaj,Golden Signal,Teen drama in HD
Classics & Hits,Post Malone,Electric Secret,Everyone knows this one
Recovery (NA),OneRepublic,Wild Ghost,Soft accountability — 3PM brain on overtime
Confidence / Glow-Up,Talking Heads,Midnight Light,Revenge outfit soundtrack
Soft / Comfort,Sam Smith,Cosmic Prayer,Tenderness
Recovery (NA),Rihanna,Heavy Garden,One day at a time
3AM / Existential,The Black Keys,Forgiving in the Fire,Existential sparkle
Soft / Comfort,Maroon 5,Breathing in the Grief,Low-stim serenity
Karaoke Bangers,Imagine Dragons ft. The Killers,Black Storm,Mic-drop chorus
Classics & Hits,Calvin Harris,Returning in the Prayer,Instant mood lift
Recovery (NA),Maroon 5,Broken Wave,Coming clean energy
Millennial Nostalgia,The National,Boulevard of Broken Dreams,Old hoodie comfort
Karaoke Bangers,Rosalía,Feral Grief,Main-character verse
Classics & Hits,Lana Del Rey ft. Duran Duran,Static City,Everyone knows this one
Karaoke Bangers,Post Malone,Golden Light,Mic-drop chorus
Soft / Comfort,Arctic Monkeys,Healing in the Prayer,Quiet hope
Millennial Nostalgia,Cyndi Lauper,Silver Shadow,Car singalong
Soft / Comfort,Bad Bunny,Running in the Signal,Quiet hope
Confidence / Glow-Up,"Tyler, The Creator",Better Grief,Boss mood
Classics & Hits,OutKast,Sugar We're Goin Down,Radio gold
Recovery (NA),John Legend,Bright Garden,Coming clean energy
Classics & Hits,Arctic Monkeys,Electric Secret,Classic closer
Karaoke Bangers,Panic! At The Disco,Running in the Wave,Bridge hits different
Karaoke Bangers,Bad Bunny,Cosmic Fire,Main-character verse
Karaoke Bangers,The Weeknd ft. Elton John,Leaving in the Grief,Bridge hits different
Classics & Hits,Avril Lavigne ft. Backstreet Boys,Heat Waves,Iconic riff
Millennial Nostalgia,Snow Patrol,Violet Sky,CD-burned playlist energy
Karaoke Bangers,Lana Del Rey ft. Duran Duran,Heavy Mirror,Crowd goes loud
Karaoke Bangers,No Doubt,Crying in the Wave,Group harmony chaos
Heartbreak,Vance Joy,Searching in the Ghost,We broke up in slow motion
Classics & Hits,Stevie Wonder ft. Alicia Keys,Havana,Timeless crowd-pleaser
Recovery (NA),The Smiths,If I Ain't Got You,Honest mirror
Party / Hype,Nelly Furtado,Bright Secret,Club nostalgia
Millennial Nostalgia,David Guetta,Feral Secret,Y2K pop perfection
Party / Hype,Bruno Mars,Breathing in the Heart,Confidence fuel
Recovery (NA),Frank Ocean,Golden Ghost,Sponsor call soundtrack
Confidence / Glow-Up,Shakira,Electric Grief,Unbothered era
Millennial Nostalgia,The Weeknd,Empty Sky,MySpace era mood
Party / Hype,Alicia Keys,Redbone,Weekend mode
Recovery (NA),Led Zeppelin,Lonely Secret,Honest mirror
Millennial Nostalgia,Avicii,Crying in the Sky,Teen drama in HD
Soft / Comfort,Childish Gambino,Empty Room,Blanket song
Millennial Nostalgia,Eagles,Better City,Throwback serotonin
Karaoke Bangers,Amy Winehouse,Soft Signal,Final chorus victory
Soft / Comfort,Bon Jovi ft. NSYNC,Someone Like You,Quiet hope
Karaoke Bangers,J. Cole,Empty Shadow,Bridge hits different
Party / Hype,Doja Cat,Rolling in the Deep,Bass + bad decisions
Classics & Hits,New Order,Forgiving in the Doubt,Radio gold
Karaoke Bangers,Johnny Cash,Quiet Doubt,Main-character verse
Millennial Nostalgia,Eagles ft. ABBA,Broken Shadow,Middle-school dance flashback
Millennial Nostalgia,Sufjan Stevens,Feral Ocean,Emo-pop transition
Recovery (NA),Hozier,Heavy Storm,Coming clean energy
Millennial Nostalgia,David Bowie,Golden Habit,Old hoodie comfort
Millennial Nostalgia,Eagles,Bright Fire,Car singalong
Karaoke Bangers,Rihanna,Better Wave,Belting required
Recovery (NA),Backstreet Boys,Falling in the Room,White-knuckle courage
Karaoke Bangers,Maroon 5 ft. Eminem,Feral Ghost,Final chorus victory
Classics & Hits,Rosalía,Broken Heart,Classic closer
Recovery (NA),Childish Gambino,Black Shadow,Honest mirror — 3PM brain on overtime
Karaoke Bangers,OutKast,Running in the Grief,Bridge hits different
Recovery (NA),Vance Joy,Breathing in the Light,Honest mirror
Millennial Nostalgia,Calvin Harris,Feral Shadow,Car singalong
Recovery (NA),Sia,Healing in the Satellite,Freedom feels weird — 3PM brain on overtime
Karaoke Bangers,Cigarettes After Sex,Midnight Secret,Duet bait
Recovery (NA),The Weeknd ft. Elton John,Wild Secret,Step work mood
Millennial Nostalgia,Avril Lavigne,Forgiving in the Grief,Throwback serotonin
Confidence / Glow-Up,AJR,Returning in the City,Shiny spine
Soft / Comfort,No Doubt,Feral Light,Soft landing
Soft / Comfort,Daft Punk,Quiet Habit,Breathing room
Classics & Hits,Lord Huron ft. Kendrick Lamar,Leaving in the Mirror,Classic closer
Karaoke Bangers,The Weeknd ft. Elton John,Lonely Mirror,Mic-drop chorus
Classics & Hits,Cardi B,Searching in the Sky,Dinner-party safe pick
3AM / Existential,Vanessa Carlton,Broken Storm,Brain won’t shut up
Classics & Hits,The Weeknd ft. Elton John,Cosmic Mirror,Universal singalong
Recovery (NA),Florence + The Machine,Falling in the City,Freedom feels weird
Heartbreak,Halsey,Feral Sky,Late-night spiral
Millennial Nostalgia,Duran Duran,Breathing in the Habit,2000s core memory
Party / Hype,Shakira,Silver Doubt,Dance-floor ignition
Recovery (NA),Vance Joy,Wild Ocean,Freedom feels weird
Karaoke Bangers,Missy Elliott ft. Radiohead,Feral Prayer,Bridge hits different
Recovery (NA),Eminem,Better Garden,Sponsor call soundtrack
Karaoke Bangers,Whitney Houston ft. Demi Lovato,Returning in the Secret,Iconic hook
Millennial Nostalgia,Calvin Harris,Searching in the Grief,Old hoodie comfort
Party / Hype,The Beatles,Better Wave,Club nostalgia
3AM / Existential,Bon Jovi,Quiet Ghost,Dissociation chic
Confidence / Glow-Up,Avril Lavigne,Waking in the Fire,Walk like you own it
3AM / Existential,Tame Impala,Drifting in the Secret,Lonely but cinematic
Party / Hype,"Tyler, The Creator",Crying in the Satellite,Pre-game boost
Classics & Hits,Karol G,Leaving in the Light,Everyone knows this one
Millennial Nostalgia,Taylor Swift,Healing in the Storm,Middle-school dance flashback
3AM / Existential,Drake,Violet Doubt,Staring at ceiling
Party / Hype,Britney Spears,Dancing in the Sky,Dance-floor ignition
Heartbreak,Avril Lavigne ft. Backstreet Boys,Better Grief,Regret loop
3AM / Existential,The Smiths,Feral Grief,Overthinking soundtrack
Recovery (NA),Alicia Keys,Crying in the Mirror,"New routine, new brain"
3AM / Existential,Ed Sheeran ft. Kendrick Lamar,Jolene,Dissociation chic
Karaoke Bangers,Jason Mraz,I Want It That Way,Safe bet karaoke
Millennial Nostalgia,Drake,Falling in the Doubt,Teen drama in HD
Soft / Comfort,Miley Cyrus,All of Me,Blanket song
Classics & Hits,Calvin Harris,Feral Grief,Radio gold
Classics & Hits,Prince ft. Backstreet Boys,Static Storm,Dinner-party safe pick
Classics & Hits,John Legend,Holding in the Light,Golden-era groove
Karaoke Bangers,Missy Elliott,Heavy Heart,Bridge hits different
Heartbreak,Guns N' Roses,Golden Signal,Love hangover
Recovery (NA),Kings of Leon,Dancing in the Mirror,Step work mood
Classics & Hits,Nirvana ft. Natasha Bedingfield,Leaving in the Shadow,Golden-era groove
Millennial Nostalgia,Dua Lipa,Lonely Satellite,Teen drama in HD
Heartbreak,The Script ft. Rosalía,Holding in the Room,I miss you (annoyingly)
Classics & Hits,Alicia Keys,Returning in the Satellite,Classic closer
Recovery (NA),Kanye West ft. The Weeknd,Dancing in the Storm,Honest mirror
Heartbreak,Zach Bryan,Healing in the Satellite,Late-night spiral
Classics & Hits,Journey ft. Demi Lovato,Drifting in the Secret,Classic closer
Classics & Hits,Prince ft. Backstreet Boys,Searching in the Satellite,Iconic riff
Millennial Nostalgia,Whitney Houston,Dancing in the Sky,Emo-pop transition
Millennial Nostalgia,Eminem,Holding in the Wave,Old hoodie comfort
Party / Hype,The Killers,Running in the Room,Dance-floor ignition
Classics & Hits,Paramore,Searching in the Ghost,Golden-era groove
Party / Hype,Queen,Honey Grief,Main stage
Classics & Hits,Cardi B,Holding in the City,Iconic riff
Heartbreak,Depeche Mode,Dancing in the Wave,I miss you (annoyingly)
3AM / Existential,Sara Bareilles,Electric Doubt,Beautiful doom
Millennial Nostalgia,Prince ft. Backstreet Boys,Cosmic Satellite,Y2K pop perfection
Karaoke Bangers,James Arthur,Waking in the Secret,Belting required
Recovery (NA),Twenty One Pilots,Empty Heart,One day at a time — 3PM brain on overtime
Chill / Indie,J Balvin,Midnight Heart,Soft groove
Party / Hype,Phoebe Bridgers,Wild Doubt,Main stage
3AM / Existential,Eurythmics,Crying in the Room,Dark humor therapy
Party / Hype,SZA,Neon Ghost,Bass + bad decisions
Party / Hype,NSYNC,Static City,Dance-floor ignition
Recovery (NA),Queen,Returning in the Mirror,White-knuckle courage
Soft / Comfort,Cyndi Lauper,Bright City,Low-stim serenity
Millennial Nostalgia,Halsey,Holding in the Ghost,Old hoodie comfort
3AM / Existential,Gwen Stefani,Running in the Habit,Overthinking soundtrack
Confidence / Glow-Up,Harry Styles,I Want It That Way,Main character energy
Millennial Nostalgia,Journey ft. Demi Lovato,Crying in the Room,Old hoodie comfort
Millennial Nostalgia,Oasis,Don't Start Now,2000s core memory
Millennial Nostalgia,The Weeknd ft. Elton John,Searching in the Light,Car singalong
Party / Hype,John Legend,Demons,Main stage
Classics & Hits,Keane,Golden Sky,Universal singalong
Recovery (NA),Alicia Keys,Static Satellite,Step work mood
Confidence / Glow-Up,Bruno Mars ft. Travis Scott,Running in the Signal,Shiny spine
Millennial Nostalgia,Toto ft. AC/DC,Without Me,Car singalong
Recovery (NA),Whitney Houston,Heavy Doubt,"New routine, new brain"
Recovery (NA),Dolly Parton,Silver Secret,One day at a time — 3PM brain on overtime
Classics & Hits,The 1975,Soft City,Instant mood lift
Millennial Nostalgia,Cardi B,Crying in the Habit,Emo-pop transition
Soft / Comfort,George Michael,Soft Wave,Breathing room
Heartbreak,Carrie Underwood,Black City,Soft grief
Party / Hype,Ed Sheeran,Broken Wave,Club nostalgia
Karaoke Bangers,Olivia Rodrigo,Heavy Room,Bridge hits different
Confidence / Glow-Up,Demi Lovato,Crying in the Ghost,Mirror pep-talk
Millennial Nostalgia,Tame Impala,Lonely Secret,MySpace era mood
Soft / Comfort,Metallica,Waiting in the Fire,Low-stim serenity
Soft / Comfort,Lana Del Rey,Violet Sky,Tenderness
Soft / Comfort,Katy Perry,Running in the Ghost,Low-stim serenity
Millennial Nostalgia,Frank Ocean,Blank Space,Throwback serotonin
Millennial Nostalgia,Twenty One Pilots,Bright Storm,Y2K pop perfection
Karaoke Bangers,Talking Heads,Breathing in the Room,Mic-drop chorus
Millennial Nostalgia,Drake,Wild Garden,Y2K pop perfection
Millennial Nostalgia,J. Cole,Soft Sky,Teen drama in HD
Millennial Nostalgia,J Balvin,Drifting in the Ghost,Car singalong
Recovery (NA),Billie Eilish,Healing in the Heart,One day at a time
3AM / Existential,Amy Winehouse,Midnight Secret,Night-drive void
Millennial Nostalgia,James Arthur,Heavy Signal,MySpace era mood
3AM / Existential,Kings of Leon,Dancing in the Satellite,Existential sparkle — 3PM brain on overtime
Millennial Nostalgia,OutKast,Surviving in the Sky,Old hoodie comfort
3AM / Existential,The Killers,Returning in the City,Dark humor therapy
Karaoke Bangers,Tove Lo,Lonely Sky,Final chorus victory
Classics & Hits,Childish Gambino,Levitating,Golden-era groove
Soft / Comfort,Pink,Holding in the City,Blanket song
Classics & Hits,Dua Lipa,Better Mirror,Stadium chorus
Soft / Comfort,Avril Lavigne,Waiting in the Ghost,Breathing room
Recovery (NA),Imagine Dragons,Better Mirror,Freedom feels weird
Chill / Indie,Imagine Dragons,Neon Light,Coffee-shop indie
Millennial Nostalgia,Bon Jovi ft. NSYNC,Violet Prayer,Emo-pop transition
Karaoke Bangers,Jason Mraz,Leaving in the Garden,Final chorus victory
Karaoke Bangers,The Killers,Waking in the Grief,Mic-drop chorus
Millennial Nostalgia,Zach Bryan,Golden Heart,Emo-pop transition
Karaoke Bangers,OneRepublic,Static Garden,Main-character verse
Millennial Nostalgia,Journey,Forgiving in the Ghost,Y2K pop perfection
Millennial Nostalgia,Sia ft. Vance Joy,Electric Storm,Middle-school dance flashback
Karaoke Bangers,Halsey,Searching in the Habit,Group harmony chaos
Soft / Comfort,David Bowie ft. NF,Healing in the Mirror,Soft landing
3AM / Existential,Talking Heads,Cosmic Ocean,Brain won’t shut up — 3PM brain on overtime
Heartbreak,The Police,Electric Doubt,We broke up in slow motion
Classics & Hits,Bon Iver,Quiet Ocean,Timeless crowd-pleaser
Millennial Nostalgia,Lord Huron,Quiet Fire,Teen drama in HD
Heartbreak,Childish Gambino,Neon Light,I miss you (annoyingly)
3AM / Existential,The Clash,Cosmic City,Dissociation chic
Party / Hype,The Script ft. Rosalía,Empty Satellite,Weekend mode
Soft / Comfort,Nicki Minaj,Returning in the Fire,Gentle reset
Classics & Hits,Macklemore ft. SZA,Quiet Signal,Universal singalong
Millennial Nostalgia,Tears for Fears,Static Ocean,Middle-school dance flashback
Soft / Comfort,Lord Huron ft. Kendrick Lamar,Honey Secret,Gentle reset
Soft / Comfort,Kendrick Lamar,Golden Shadow,Soft landing
Party / Hype,Carrie Underwood,Drifting in the Heart,Bass + bad decisions
Heartbreak,Jack Johnson,Feral Mirror,Crying in the shower
Confidence / Glow-Up,OutKast,Misery Business,Revenge outfit soundtrack
Classics & Hits,Maroon 5,Waking in the City,Everyone knows this one
3AM / Existential,Frank Ocean,Drifting in the Fire,Brain won’t shut up
Millennial Nostalgia,Maroon 5,Dancing in the Signal,Old hoodie comfort
Party / Hype,Macklemore ft. SZA,Dancing in the Wave,Glitter chaos
3AM / Existential,Toto ft. AC/DC,Static Mirror,Lonely but cinematic
Classics & Hits,Bad Bunny,Dancing in the Doubt,Stadium chorus
Recovery (NA),Talking Heads,Wild Fire,Sponsor call soundtrack
Soft / Comfort,Katy Perry,Falling in the Room,Quiet hope
Party / Hype,Panic! At The Disco ft. The Clash,Quiet City,Dance-floor ignition
Chill / Indie,Drake,Breathing in the Grief,Soft groove
Millennial Nostalgia,Bon Iver,Falling in the Light,MySpace era mood
Classics & Hits,U2,Neon Light,Classic closer
Confidence / Glow-Up,Shania Twain,Bright Grief,Level up
Recovery (NA),Gwen Stefani,Black Light,Step work mood
Heartbreak,Hozier,Waiting in the Sky,Crying in the shower
Karaoke Bangers,Bob Marley,Golden Ghost,Final chorus victory
Karaoke Bangers,Journey ft. Demi Lovato,Surviving in the Light,Crowd goes loud
Confidence / Glow-Up,Whitney Houston ft. Demi Lovato,Broken Satellite,Boss mood
Karaoke Bangers,Dolly Parton,Forgiving in the Light,Group harmony chaos
Recovery (NA),Fall Out Boy,Heavy Doubt,Soft accountability
Classics & Hits,Kacey Musgraves,Healing in the Grief,Iconic riff
Party / Hype,Radiohead,Running in the Wave,Energy shot
Millennial Nostalgia,Norah Jones,Neon Ghost,CD-burned playlist energy
3AM / Existential,Selena Gomez,Holding in the Garden,Lonely but cinematic
Party / Hype,Kesha,Better Satellite,Hands-up chorus
Recovery (NA),The Smiths,Neon Habit,Coming clean energy
3AM / Existential,Journey ft. Demi Lovato,Cosmic Prayer,Existential sparkle
Recovery (NA),Daft Punk,Healing in the Garden,Coming clean energy
Millennial Nostalgia,"Tyler, The Creator",Black Satellite,2000s core memory
Karaoke Bangers,Miley Cyrus,Soft Satellite,Bridge hits different
Karaoke Bangers,Jason Mraz,Rising in the Garden,Duet bait
Party / Hype,Rihanna ft. Norah Jones,Electric Wave,Pre-game boost
Karaoke Bangers,U2 ft. Phil Collins,Holding in the Light,Mic-drop chorus
Millennial Nostalgia,Rihanna ft. Norah Jones,Holding in the Doubt,Car singalong
Karaoke Bangers,Linkin Park,Black Room,Bridge hits different
Recovery (NA),Daft Punk,Crying in the Wave,One day at a time — 3PM brain on overtime
Millennial Nostalgia,Cigarettes After Sex,Holding in the Storm,Y2K pop perfection
Millennial Nostalgia,SZA,Bright Signal,MySpace era mood
Karaoke Bangers,Fleetwood Mac,Leaving in the Light,Belting required
Confidence / Glow-Up,Paramore,Broken Satellite,Mirror pep-talk
Karaoke Bangers,Rihanna,Lonely Room,Crowd goes loud
Party / Hype,Radiohead ft. Fall Out Boy,Searching in the Habit,Hands-up chorus
Party / Hype,Kesha,Feral Light,Weekend mode
Recovery (NA),Kings of Leon,Hello,Coming clean energy
Soft / Comfort,J Balvin,Shallow,Breathing room
Heartbreak,Macklemore,Empty Ghost,Text-you-never-send energy
Confidence / Glow-Up,NSYNC,Running in the Room,Shiny spine
3AM / Existential,Sara Bareilles,Static Ocean,Brain won’t shut up
Classics & Hits,Adele,Lonely Sky,Stadium chorus
Soft / Comfort,Kacey Musgraves,If I Ain't Got You,Quiet hope
Karaoke Bangers,Adele,Waking in the Mirror,Group harmony chaos
Millennial Nostalgia,Johnny Cash ft. Billie Eilish,Returning in the Heart,Emo-pop transition
Classics & Hits,Daft Punk,Bright Ghost,Everyone knows this one
Karaoke Bangers,David Bowie ft. NF,Electric Shadow,Main-character verse
Heartbreak,The Smiths,Crying in the Satellite,Soft grief
Karaoke Bangers,Frank Ocean,Waking in the Doubt,Final chorus victory
Heartbreak,Mumford & Sons,Bye Bye Bye,Late-night spiral
Soft / Comfort,Pink Floyd,Black Fire,Gentle reset
3AM / Existential,Avril Lavigne ft. Backstreet Boys,Holding in the Satellite,Existential sparkle
Classics & Hits,Bad Bunny,Lonely Room,Iconic riff
Recovery (NA),Rihanna,Rising in the Shadow,Step work mood
Soft / Comfort,OutKast,The Search,Tenderness
Millennial Nostalgia,Journey,Dancing in the Mirror,Middle-school dance flashback
Millennial Nostalgia,Lord Huron,Waiting in the Habit,MySpace era mood
Heartbreak,Backstreet Boys,Surviving in the Ocean,I miss you (annoyingly)
3AM / Existential,Metallica,Holding in the Doubt,Night-drive void
Recovery (NA),Frank Ocean,Neon Mirror,"New routine, new brain"
Millennial Nostalgia,Jack Johnson,Surviving in the Garden,Old hoodie comfort
Karaoke Bangers,Linkin Park,Black Secret,Duet bait
Recovery (NA),Eagles,Waiting in the Prayer,Honest mirror
Recovery (NA),Childish Gambino,Electric Storm,Freedom feels weird
Classics & Hits,Carrie Underwood,Holding in the Fire,Universal singalong
Soft / Comfort,The Clash,Shallow,Gentle reset
Recovery (NA),Alanis Morissette,Feral Mirror,One day at a time
Recovery (NA),A-ha,Bright Fire,One day at a time
Karaoke Bangers,Depeche Mode,Bye Bye Bye,Crowd goes loud
Classics & Hits,OneRepublic,Silver Ocean,Radio gold
Party / Hype,Maroon 5,Tik Tok,Weekend mode
Classics & Hits,The Weeknd,Black Ocean,Classic closer
Karaoke Bangers,Prince,Lonely Prayer,Bridge hits different
Classics & Hits,Cardi B,Static Ghost,Universal singalong
Party / Hype,U2,Black Shadow,Hands-up chorus
Karaoke Bangers,Green Day,Surviving in the Garden,Iconic hook
Millennial Nostalgia,Nicki Minaj,Running in the Prayer,Middle-school dance flashback
Karaoke Bangers,Cyndi Lauper,Quiet Signal,Belting required
Millennial Nostalgia,Kesha,Honey Room,CD-burned playlist energy
Millennial Nostalgia,J. Cole,I'm Yours,Emo-pop transition
Confidence / Glow-Up,Cyndi Lauper,Chandelier,Walk like you own it
Classics & Hits,The Police,Neon Shadow,Dinner-party safe pick
Recovery (NA),Phoebe Bridgers,Returning in the Wave,Soft accountability
Recovery (NA),Eagles ft. ABBA,Broken Heart,Sponsor call soundtrack
Soft / Comfort,Kings of Leon,Heavy Light,Breathing room
3AM / Existential,Lord Huron,Hello,Dissociation chic — 3PM brain on overtime
Soft / Comfort,Rosalía,Uptown Funk,Breathing room
3AM / Existential,U2,Holding in the Signal,Brain won’t shut up — 3PM brain on overtime
Karaoke Bangers,Rihanna ft. Norah Jones,Electric Shadow,Belting required
Karaoke Bangers,Dua Lipa,Running in the Fire,Final chorus victory
Soft / Comfort,Green Day,Misery Business,Blanket song
Classics & Hits,Avril Lavigne ft. Backstreet Boys,Neon Wave,Everyone knows this one
Karaoke Bangers,Elton John,Falling in the Sky,Group harmony chaos
Karaoke Bangers,U2,Feral Light,Safe bet karaoke
Soft / Comfort,Maroon 5 ft. Eminem,Better Garden,Gentle reset
Classics & Hits,Luke Combs,Silver Heart,Universal singalong
Karaoke Bangers,Kanye West ft. The Weeknd,Honey Ghost,Safe bet karaoke
Heartbreak,Tears for Fears,Healing in the Ocean,Sad but pretty
Party / Hype,David Bowie ft. NF,Better City,Energy shot
Classics & Hits,Rosalía,Leaving in the Secret,Classic closer
Classics & Hits,Phoebe Bridgers,Falling in the Room,Instant mood lift
Classics & Hits,Prince,Feral Mirror,Everyone knows this one
Recovery (NA),Megan Thee Stallion,Falling in the Signal,Honest mirror
Classics & Hits,Ed Sheeran,Rising in the Heart,Timeless crowd-pleaser
Recovery (NA),Bob Marley,Wild Ghost,Honest mirror
Party / Hype,Norah Jones,Rising in the Heart,Bass + bad decisions
Millennial Nostalgia,Karol G,Static Satellite,MySpace era mood
Heartbreak,Katy Perry,Healing in the Heart,Love hangover
Millennial Nostalgia,Macklemore ft. SZA,Hurt,Car singalong
Classics & Hits,Natasha Bedingfield,Electric Heart,Timeless crowd-pleaser
Party / Hype,Talking Heads,Wild Light,Bass + bad decisions
3AM / Existential,Oasis,Drifting in the Room,Staring at ceiling
Party / Hype,Katy Perry,Toxic,Club nostalgia
Millennial Nostalgia,Selena Gomez,Golden Storm,Old hoodie comfort
Soft / Comfort,Queen,Healing in the Habit,Warm and safe
Recovery (NA),Nirvana ft. Natasha Bedingfield,Falling in the Shadow,Relapse refusal
3AM / Existential,Guns N' Roses,Blank Space,Dark humor therapy
Millennial Nostalgia,Eagles,Golden Fire,Y2K pop perfection
Classics & Hits,Macklemore,Returning in the Mirror,Timeless crowd-pleaser
Party / Hype,Oasis,Broken Ghost,Confidence fuel
Millennial Nostalgia,Toto ft. AC/DC,drivers license,Teen drama in HD
Heartbreak,John Legend,Waiting in the Doubt,Sad but pretty
Classics & Hits,Depeche Mode,Midnight Light,Radio gold
Confidence / Glow-Up,Eminem,Honey Light,Mirror pep-talk
3AM / Existential,Hozier,Broken Doubt,Night-drive void
Karaoke Bangers,Lady Gaga,Black Light,Main-character verse
Party / Hype,Toto,Wild Habit,Weekend mode
Recovery (NA),Eminem,Like a Prayer,Soft accountability — 3PM brain on overtime
Confidence / Glow-Up,The Strokes,Violet Ocean,Boss mood
Heartbreak,The 1975,Running in the City,Soft grief
Chill / Indie,Johnny Cash,Wild Habit,Lo-fi daydream
Karaoke Bangers,Harry Styles,Silver Wave,Main-character verse
Karaoke Bangers,Paramore,Midnight Sky,Belting required
Classics & Hits,Johnny Cash ft. Billie Eilish,Forgiving in the Ocean,Universal singalong
Soft / Comfort,Avril Lavigne,Crying in the Storm,Breathing room
Classics & Hits,Kanye West ft. The Weeknd,Surviving in the Fire,Radio gold
Party / Hype,Calvin Harris,Bright Secret,Club nostalgia
Party / Hype,Kanye West ft. The Weeknd,Neon Mirror,Pre-game boost
Millennial Nostalgia,The Weeknd ft. Elton John,Better Heart,Middle-school dance flashback
Soft / Comfort,Prince,Healing in the Sky,Blanket song
Party / Hype,The Script,Feral Mirror,Dance-floor ignition
Millennial Nostalgia,Avril Lavigne ft. Backstreet Boys,Broken Ghost,CD-burned playlist energy
Soft / Comfort,Fall Out Boy,Waking in the Garden,Gentle reset
Soft / Comfort,Nicki Minaj,Lonely Garden,Late-night calm
Classics & Hits,Ozuna,Returning in the Ocean,Dinner-party safe pick
Chill / Indie,Duran Duran,Black Heart,Underrated gem energy
Heartbreak,Bon Jovi ft. NSYNC,Running in the Wave,Soft grief
Party / Hype,Whitney Houston ft. Demi Lovato,Honey City,Energy shot
Recovery (NA),Coldplay ft. Cardi B,Surviving in the Ocean,One day at a time
Classics & Hits,NSYNC,Golden Habit,Instant mood lift
Heartbreak,Kanye West,All The Small Things,Crying in the shower
Millennial Nostalgia,Kings of Leon,Crying in the Habit,CD-burned playlist energy
Heartbreak,Dua Lipa,Quiet Prayer,Love hangover
Recovery (NA),Cigarettes After Sex,Running in the Ocean,White-knuckle courage
Karaoke Bangers,CHVRCHES,Cosmic Satellite,Belting required
Party / Hype,Jack Johnson,Soft Shadow,Hands-up chorus
Recovery (NA),Coldplay,Jolene,Sponsor call soundtrack
Millennial Nostalgia,Bad Bunny,Electric Signal,Old hoodie comfort
Millennial Nostalgia,David Bowie ft. NF,Returning in the Prayer,MySpace era mood
Classics & Hits,The Smiths,Leaving in the Mirror,Universal singalong
Karaoke Bangers,Dolly Parton,Empty City,Bridge hits different
Soft / Comfort,Jason Mraz,Can't Hold Us,Warm and safe
Karaoke Bangers,Prince,Forgiving in the City,Group harmony chaos
Classics & Hits,George Michael,Dancing in the Satellite,Universal singalong
Heartbreak,SZA,Silver Signal,Sad but pretty
Party / Hype,Eminem ft. Camila Cabello,Honey Shadow,Weekend mode
Chill / Indie,Adele,Healing in the Ghost,Indie sunshine
Recovery (NA),Kanye West,Not Afraid,One day at a time
Recovery (NA),The Lumineers,Static Secret,White-knuckle courage
Karaoke Bangers,Green Day,drivers license,Mic-drop chorus
Chill / Indie,Maroon 5 ft. Eminem,Silver Secret,Soft groove
Recovery (NA),Depeche Mode,Black Doubt,"New routine, new brain — 3PM brain on overtime"
Millennial Nostalgia,OneRepublic,Wonderwall,2000s core memory
3AM / Existential,Linkin Park,Surviving in the Signal,Existential sparkle
Millennial Nostalgia,Keane,Dancing in the Doubt,Throwback serotonin
Recovery (NA),Hozier,Heavy Ghost,Coming clean energy
Party / Hype,Missy Elliott ft. Radiohead,Cosmic Doubt,Club nostalgia
Karaoke Bangers,The National,Broken Wave,Bridge hits different
Karaoke Bangers,The Lumineers ft. Depeche Mode,Returning in the Room,Safe bet karaoke
Heartbreak,Ed Sheeran ft. Kendrick Lamar,Rising in the Wave,Crying in the shower
Millennial Nostalgia,The Rolling Stones,Breathing in the Satellite,CD-burned playlist energy
Classics & Hits,Doja Cat,Feral Doubt,Golden-era groove
Classics & Hits,Alanis Morissette,Soft Fire,Dinner-party safe pick
Millennial Nostalgia,Lana Del Rey ft. Duran Duran,Otherside,CD-burned playlist energy
Party / Hype,The Black Keys,Forgiving in the Doubt,Energy shot
Confidence / Glow-Up,The Lumineers,Electric Garden,Boss mood
Soft / Comfort,Karol G,Waiting in the Sky,Tenderness
Karaoke Bangers,Lady Gaga,Quiet Satellite,Belting required
3AM / Existential,U2 ft. Phil Collins,Feral City,Lonely but cinematic
Classics & Hits,Kanye West ft. The Weeknd,Holding in the Wave,Iconic riff
Classics & Hits,John Legend,Lonely Garden,Everyone knows this one
Classics & Hits,David Bowie,Silver Room,Iconic riff
Millennial Nostalgia,Nirvana ft. Natasha Bedingfield,Bright Prayer,Teen drama in HD
Millennial Nostalgia,Britney Spears,Lonely Prayer,Car singalong
Millennial Nostalgia,Blink-182,Since U Been Gone,Emo-pop transition
Heartbreak,Karol G,Static City,Crying in the shower
Karaoke Bangers,Luke Combs,Waiting in the Fire,Mic-drop chorus
Karaoke Bangers,Justin Timberlake,Electric Shadow,Iconic hook
Millennial Nostalgia,Daft Punk,Wild Shadow,CD-burned playlist energy
Millennial Nostalgia,Toto ft. AC/DC,Surviving in the Shadow,CD-burned playlist energy
Millennial Nostalgia,My Chemical Romance,Golden Mirror,Old hoodie comfort
Heartbreak,Bad Bunny,Waking in the Prayer,Regret loop
Millennial Nostalgia,Queen,Healing in the Shadow,CD-burned playlist energy
Classics & Hits,Green Day,Drifting in the Garden,Classic closer
Soft / Comfort,No Doubt,Kill Bill,Rainy window vibes
Classics & Hits,Sade,Healing in the Wave,Classic closer
Millennial Nostalgia,David Bowie ft. NF,Healing in the Doubt,Throwback serotonin
Karaoke Bangers,ABBA,Crying in the Shadow,Bridge hits different
Classics & Hits,Usher,Crying in the Habit,Timeless crowd-pleaser
Classics & Hits,Whitney Houston ft. Demi Lovato,Bright Garden,Stadium chorus
Millennial Nostalgia,Adele,Numb,CD-burned playlist energy
Heartbreak,Calvin Harris,Leaving in the Prayer,Closure fantasy
Millennial Nostalgia,Radiohead ft. Fall Out Boy,Honey City,Middle-school dance flashback
Heartbreak,Dolly Parton,Crying in the Ocean,Late-night spiral
Classics & Hits,Bon Iver,Drifting in the Light,Universal singalong
Classics & Hits,AJR,Yellow,Dinner-party safe pick
3AM / Existential,Mumford & Sons,Shake It Out,Lonely but cinematic
Party / Hype,Alicia Keys,Breathing in the Signal,Confidence fuel
Soft / Comfort,Led Zeppelin,Healing in the Light,Soft landing
Soft / Comfort,The Rolling Stones,Golden Mirror,Tenderness
Soft / Comfort,Snow Patrol,Wild Room,Tenderness
Soft / Comfort,Cigarettes After Sex,Cosmic Grief,Late-night calm
Millennial Nostalgia,John Mayer,Feral Grief,2000s core memory
Karaoke Bangers,Doja Cat,Wild City,Main-character verse
Classics & Hits,Guns N' Roses,Static Shadow,Classic closer
Millennial Nostalgia,Bruno Mars,Falling in the Shadow,Middle-school dance flashback
Karaoke Bangers,Kendrick Lamar,Healing in the Doubt,Bridge hits different
Recovery (NA),David Bowie,Surviving in the Grief,Freedom feels weird
Recovery (NA),Rosalía,Neon Satellite,Freedom feels weird
Karaoke Bangers,Demi Lovato,Returning in the Heart,Final chorus victory
Millennial Nostalgia,Frank Ocean,Tik Tok,Car singalong
Classics & Hits,Eagles,Surviving in the Ghost,Timeless crowd-pleaser
Classics & Hits,Camila Cabello,Lonely Satellite,Universal singalong
Heartbreak,Sara Bareilles,Healing in the Heart,We broke up in slow motion
3AM / Existential,The Weeknd,Quiet Room,Lonely but cinematic
Recovery (NA),Panic! At The Disco,Waiting in the Habit,Sponsor call soundtrack
Millennial Nostalgia,Daddy Yankee,Waiting in the Wave,Old hoodie comfort
Recovery (NA),Miley Cyrus,Soft Wave,Honest mirror
Millennial Nostalgia,Queen,Crying in the Satellite,Teen drama in HD
Classics & Hits,Led Zeppelin,Electric Mirror,Iconic riff
Millennial Nostalgia,Rihanna,Better Ghost,Emo-pop transition
Recovery (NA),OutKast,Breathing in the Garden,Step work mood — 3PM brain on overtime
Millennial Nostalgia,Pink Floyd,Silver Doubt,Car singalong
Classics & Hits,Taylor Swift,Waking in the Grief,Classic closer
Soft / Comfort,Kanye West ft. The Weeknd,Breathing in the City,Gentle reset
Millennial Nostalgia,U2 ft. Phil Collins,Stressed Out,CD-burned playlist energy
3AM / Existential,No Doubt,Heavy Ocean,Staring at ceiling
Karaoke Bangers,"Tyler, The Creator",Static Ghost,Safe bet karaoke
Classics & Hits,Bon Jovi,Leaving in the Shadow,Universal singalong
Classics & Hits,Christina Aguilera,Better Wave,Everyone knows this one
Karaoke Bangers,Whitney Houston ft. Demi Lovato,Rising in the Light,Duet bait
Millennial Nostalgia,Phoebe Bridgers,Running in the Signal,Car singalong
3AM / Existential,Katy Perry,Waiting in the Secret,Sad-girl museum energy
Karaoke Bangers,Johnny Cash ft. Billie Eilish,Golden City,Crowd goes loud
Recovery (NA),My Chemical Romance,Soft Satellite,Coming clean energy
Millennial Nostalgia,Miley Cyrus,Holding in the Shadow,Throwback serotonin
Party / Hype,Coldplay ft. Cardi B,Crying in the City,Dance-floor ignition
Confidence / Glow-Up,Cigarettes After Sex,Returning in the Garden,Glow up
Soft / Comfort,U2,Healing in the Doubt,Rainy window vibes
Recovery (NA),Johnny Cash ft. Billie Eilish,Honey City,"New routine, new brain"
Soft / Comfort,Miley Cyrus,Returning in the Mirror,Rainy window vibes
Heartbreak,The Black Keys,Cosmic Doubt,Text-you-never-send energy
Classics & Hits,ABBA,Leaving in the Signal,Radio gold
Soft / Comfort,Kendrick Lamar,Mr Brightside,Gentle reset
Karaoke Bangers,Olivia Rodrigo,Static Secret,Duet bait
Karaoke Bangers,Panic! At The Disco ft. The Clash,Surviving in the Garden,Crowd goes loud
Heartbreak,Alanis Morissette,Black Doubt,I miss you (annoyingly)
Recovery (NA),Maroon 5,Sober,One day at a time
Chill / Indie,U2,Falling in the Wave,Indie sunshine
Soft / Comfort,Metallica,Back In Black,Warm and safe
Karaoke Bangers,Eagles ft. ABBA,Better Sky,Crowd goes loud
Heartbreak,NF,Violet Ghost,Sad but pretty
Party / Hype,John Mayer,Waiting in the Light,Glitter chaos
Classics & Hits,Lord Huron ft. Kendrick Lamar,Shape of You,Golden-era groove
Soft / Comfort,Chris Stapleton,Holding in the Light,Quiet hope
Karaoke Bangers,Dua Lipa,Drifting in the Satellite,Duet bait
Heartbreak,Journey,Black Room,Late-night spiral
Classics & Hits,Hozier,Better Sky,Classic closer
Classics & Hits,James Arthur,Holding in the Wave,Classic closer
3AM / Existential,OneRepublic,Midnight Grief,Existential sparkle
3AM / Existential,Zach Bryan,Forgiving in the Wave,Brain won’t shut up
Classics & Hits,Kanye West,Fix You,Instant mood lift
Millennial Nostalgia,ABBA,Violet Wave,Throwback serotonin
Millennial Nostalgia,Harry Styles,Rising in the Room,2000s core memory
Recovery (NA),Daft Punk,Dancing in the Room,Step work mood
3AM / Existential,Portugal. The Man,Forgiving in the Ocean,Sad-girl museum energy — 3PM brain on overtime
Recovery (NA),Nirvana ft. Natasha Bedingfield,Waiting in the Room,Sponsor call soundtrack
Karaoke Bangers,U2 ft. Phil Collins,Midnight Wave,Belting required
Millennial Nostalgia,The Script,Electric Satellite,CD-burned playlist energy
Recovery (NA),Missy Elliott ft. Radiohead,Feral Storm,One day at a time — 3PM brain on overtime
Party / Hype,Depeche Mode,Blinding Lights,Energy shot
Chill / Indie,Stevie Wonder,Breathing in the Habit,Coffee-shop indie
Party / Hype,Mumford & Sons,Searching in the Satellite,Bass + bad decisions
Classics & Hits,Bon Jovi ft. NSYNC,Breathing in the Secret,Dinner-party safe pick
Soft / Comfort,J. Cole,Silver Heart,Low-stim serenity
Karaoke Bangers,Missy Elliott ft. Radiohead,Better Signal,Duet bait
Recovery (NA),Sufjan Stevens ft. Harry Styles,Searching in the Wave,Step work mood
Party / Hype,Nirvana ft. Natasha Bedingfield,Electric Ocean,Glitter chaos
Party / Hype,Kelly Clarkson,All The Small Things,Weekend mode
Millennial Nostalgia,Christina Aguilera,Before He Cheats,CD-burned playlist energy
Millennial Nostalgia,Daft Punk,Crying in the Doubt,Old hoodie comfort
